-- MySQL dump 10.13  Distrib 8.0.17, for Win64 (x86_64)
--
-- Host: localhost    Database: tresia_studio
-- ------------------------------------------------------
-- Server version	8.0.17

/*!40101 SET @OLD_CHARACTER_SET_CLIENT=@@CHARACTER_SET_CLIENT */;
/*!40101 SET @OLD_CHARACTER_SET_RESULTS=@@CHARACTER_SET_RESULTS */;
/*!40101 SET @OLD_COLLATION_CONNECTION=@@COLLATION_CONNECTION */;
/*!50503 SET NAMES utf8mb4 */;
/*!40103 SET @OLD_TIME_ZONE=@@TIME_ZONE */;
/*!40103 SET TIME_ZONE='+00:00' */;
/*!40014 SET @OLD_UNIQUE_CHECKS=@@UNIQUE_CHECKS, UNIQUE_CHECKS=0 */;
/*!40014 SET @OLD_FOREIGN_KEY_CHECKS=@@FOREIGN_KEY_CHECKS, FOREIGN_KEY_CHECKS=0 */;
/*!40101 SET @OLD_SQL_MODE=@@SQL_MODE, SQL_MODE='NO_AUTO_VALUE_ON_ZERO' */;
/*!40111 SET @OLD_SQL_NOTES=@@SQL_NOTES, SQL_NOTES=0 */;

--
-- Table structure for table `citas`
--

DROP TABLE IF EXISTS `citas`;
/*!40101 SET @saved_cs_client     = @@character_set_client */;
/*!50503 SET character_set_client = utf8mb4 */;
CREATE TABLE `citas` (
  `idcitas` int(11) NOT NULL AUTO_INCREMENT,
  `dia` date DEFAULT NULL,
  `hora` time NOT NULL,
  `descuento` double DEFAULT NULL,
  `transferencia` double DEFAULT NULL,
  `efectivo` double DEFAULT NULL,
  `propina` double DEFAULT NULL,
  `total` double DEFAULT NULL,
  `idcolaboradora` int(11) DEFAULT NULL,
  `idclienta` int(11) DEFAULT NULL,
  `idservicio` int(11) DEFAULT NULL,
  PRIMARY KEY (`idcitas`),
  KEY `idcolaboradora` (`idcolaboradora`),
  KEY `idclienta` (`idclienta`),
  KEY `idservicio` (`idservicio`),
  CONSTRAINT `citas_ibfk_1` FOREIGN KEY (`idcolaboradora`) REFERENCES `colaboradoras` (`idcolaboradora`),
  CONSTRAINT `citas_ibfk_2` FOREIGN KEY (`idclienta`) REFERENCES `clientas` (`idclienta`),
  CONSTRAINT `citas_ibfk_3` FOREIGN KEY (`idservicio`) REFERENCES `servicios` (`idservicio`)
) ENGINE=InnoDB AUTO_INCREMENT=329 DEFAULT CHARSET=utf8mb4 COLLATE=utf8mb4_0900_ai_ci;
/*!40101 SET character_set_client = @saved_cs_client */;

--
-- Dumping data for table `citas`
--

LOCK TABLES `citas` WRITE;
/*!40000 ALTER TABLE `citas` DISABLE KEYS */;
INSERT INTO `citas` VALUES (1,'2024-09-02','09:00:00',0,0,1000,0,1000,5,4,17),(3,'2024-09-02','14:00:00',0,0,450,0,450,4,6,5),(4,'2024-09-02','16:00:00',0,650,0,0,650,3,7,5),(5,'2024-09-03','11:00:00',0,0,615,0,615,3,8,20),(6,'2024-09-03','09:00:00',0,690,0,0,690,5,9,9),(7,'2024-09-03','14:00:00',0,0,690,0,690,3,10,8),(8,'2024-09-03','14:00:00',0,0,650,0,650,5,11,5),(11,'2024-09-03','16:00:00',0,0,495,0,495,5,13,30),(12,'2024-09-03','16:00:00',0,550,0,0,550,3,15,2),(13,'2024-09-03','18:00:00',0,0,495,0,495,5,14,30),(14,'2024-09-03','16:00:00',0,0,550,0,550,4,18,2),(15,'2024-09-04','11:00:00',0,0,670,0,670,6,4,16),(16,'2024-09-04','09:00:00',0,0,900,0,900,3,21,35),(17,'2024-09-04','11:00:00',0,0,490,10,500,3,19,28),(18,'2024-09-04','14:00:00',0,690,0,0,690,3,22,8),(19,'2024-09-04','18:00:00',0,495,0,0,495,3,23,30),(20,'2024-09-05','09:00:00',0,100,395,0,495,3,24,30),(21,'2024-09-05','14:00:00',0,650,0,0,650,3,25,5),(23,'2024-09-05','16:00:00',0,0,450,0,450,3,27,27),(25,'2024-09-05','18:00:00',0,490,0,0,490,3,28,28),(26,'2024-09-06','11:00:00',0,0,745,0,745,4,29,36),(27,'2024-09-06','11:00:00',0,100,1180,0,1280,3,30,37),(28,'2024-09-06','11:00:00',0,0,495,0,495,5,32,30),(29,'2024-09-06','14:00:00',0,0,450,0,450,5,31,12),(30,'2024-09-06','16:00:00',0,260,0,0,260,6,33,16),(31,'2024-09-06','16:00:00',0,0,495,0,495,3,34,30),(32,'2024-09-06','16:00:00',0,495,0,0,495,5,33,30),(33,'2024-09-06','18:00:00',0,0,450,0,450,3,35,27),(34,'2024-09-06','18:00:00',0,495,0,0,495,5,36,30),(35,'2024-09-06','18:00:00',0,580,0,0,580,6,37,16),(36,'2024-09-07','09:00:00',0,495,0,0,495,3,38,30),(37,'2024-09-07','09:00:00',0,690,0,0,690,4,39,9),(38,'2024-09-07','11:00:00',0,0,550,0,550,3,40,33),(39,'2024-09-07','11:00:00',0,0,495,0,495,5,41,30),(40,'2024-09-07','11:00:00',10,450,0,0,405,4,42,27),(41,'2024-09-07','13:00:00',0,500,0,0,500,3,43,32),(42,'2024-09-07','13:00:00',0,0,495,0,495,5,44,31),(43,'2024-09-07','15:00:00',0,780,0,0,780,3,45,11),(44,'2024-09-09','09:00:00',0,0,490,0,490,3,51,28),(45,'2024-09-09','11:00:00',0,495,0,0,495,3,52,30),(46,'0000-00-00','00:00:00',0,0,0,0,400,3,4,24),(47,'2024-09-09','14:00:00',0,330,220,0,550,3,4,33),(48,'2024-09-09','14:00:00',0,690,0,0,690,5,53,8),(49,'2024-09-09','16:00:00',0,550,0,0,550,3,54,33),(50,'2024-09-09','18:00:00',0,400,0,0,400,4,56,24),(51,'2024-09-09','16:00:00',0,0,495,0,495,4,57,30),(52,'2024-09-09','18:00:00',0,0,450,0,450,5,55,27),(53,'2024-09-30','18:00:00',0,0,450,0,450,5,55,27),(54,'2024-09-09','18:00:00',0,0,450,0,450,3,58,27),(55,'2024-09-10','09:00:00',0,0,550,0,550,3,60,29),(56,'2024-09-10','09:00:00',0,690,0,0,690,5,59,8),(57,'2024-09-10','11:00:00',0,1130,0,70,1200,3,62,38),(58,'2024-09-10','11:00:00',0,450,0,50,500,4,61,27),(59,'2024-09-10','11:00:00',0,700,80,20,800,5,63,11),(60,'2024-09-10','14:00:00',0,2500,0,0,2500,3,64,39),(61,'2024-09-10','14:00:00',0,320,0,0,320,4,65,13),(62,'2024-09-10','14:00:00',0,125,0,0,125,6,65,41),(63,'2024-09-11','09:00:00',0,0,495,0,495,5,66,30),(64,'2024-09-11','11:00:00',0,780,0,100,880,3,26,11),(65,'2024-09-11','14:00:00',0,450,0,0,450,3,56,12),(66,'2024-09-11','14:00:00',0,495,0,0,495,5,68,30),(67,'2024-09-11','16:00:00',0,0,495,0,495,5,69,30),(68,'2024-09-11','16:00:00',0,0,0,0,320,3,70,13),(74,'2024-09-12','11:00:00',0,0,495,0,495,5,73,30),(75,'2024-09-12','11:00:00',0,550,0,0,550,3,74,33),(76,'2024-09-12','14:00:00',0,0,495,55,550,5,75,30),(77,'2024-09-12','11:00:00',0,495,0,0,495,4,77,30),(78,'2024-09-12','14:00:00',0,495,0,0,495,6,77,16),(79,'2024-09-12','16:00:00',0,0,495,0,495,3,78,30),(80,'2024-09-12','18:00:00',0,600,0,0,600,4,79,3),(81,'2024-09-12','14:00:00',0,0,650,0,650,3,76,5),(82,'2024-09-12','16:00:00',0,0,1300,0,1300,5,76,17),(83,'2024-09-13','09:00:00',0,500,0,0,500,6,80,16),(84,'2024-09-13','09:00:00',0,0,495,0,495,3,82,30),(85,'2024-09-13','09:00:00',0,0,495,0,495,5,83,30),(86,'2024-09-13','11:00:00',0,0,495,0,495,5,81,30),(87,'2024-09-13','11:00:00',10,0,490,0,441,3,84,28),(88,'2024-09-13','11:00:00',0,310,0,0,310,6,70,16),(89,'2024-09-13','14:00:00',0,380,330,0,710,5,85,10),(90,'2024-09-13','16:00:00',0,495,0,45,540,4,86,30),(91,'2024-09-13','18:00:00',0,0,495,0,495,4,37,30),(93,'2024-09-14','09:00:00',0,0,0,0,550,3,87,33),(94,'2024-09-14','11:00:00',0,490,0,0,490,3,90,28),(95,'2024-09-14','13:00:00',0,500,0,0,500,5,91,32),(96,'2024-09-14','11:00:00',0,495,0,0,495,4,92,30),(97,'2024-09-14','11:00:00',0,450,0,0,450,5,89,27),(98,'2024-09-14','22:00:00',0,500,0,0,500,3,93,32),(99,'2024-09-13','16:00:00',0,0,400,0,400,3,78,42),(100,'2024-09-13','18:00:00',0,0,100,0,100,3,78,43),(101,'2024-09-14','15:00:00',0,495,0,0,495,3,94,30),(102,'2024-09-17','09:00:00',0,100,260,50,410,4,96,12),(103,'2024-09-17','09:00:00',0,0,495,0,495,3,97,30),(104,'2024-09-17','09:00:00',0,0,300,0,300,6,97,16),(105,'2024-09-17','14:00:00',0,100,390,0,490,3,98,28),(106,'2024-09-17','14:00:00',0,0,693,57,750,4,99,44),(107,'2024-09-17','16:00:00',0,100,610,0,710,3,100,10),(108,'2024-09-18','09:00:00',0,0,495,5,500,5,101,30),(109,'2024-09-18','09:00:00',0,0,450,50,500,3,102,27),(110,'2024-09-18','11:00:00',0,690,53,0,743,3,103,8),(111,'2024-09-18','14:00:00',0,0,450,0,450,5,104,27),(113,'2024-09-18','16:00:00',0,500,0,0,500,5,106,32),(114,'2024-09-18','16:00:00',0,450,0,0,450,3,7,27),(115,'2024-09-18','18:00:00',0,0,495,0,495,5,107,30),(116,'2024-09-19','09:00:00',0,550,0,50,600,3,109,29),(117,'2024-09-19','09:00:00',0,0,690,0,690,4,108,8),(118,'2024-09-19','11:00:00',0,0,550,80,630,3,67,33),(119,'2024-09-19','11:00:00',0,0,450,0,450,4,42,27),(120,'2024-09-19','16:00:00',0,320,0,0,320,3,111,13),(121,'2024-09-19','18:00:00',0,550,0,0,550,3,112,2),(122,'2024-09-20','09:00:00',0,100,450,100,650,3,21,33),(123,'2024-09-20','09:00:00',0,350,0,0,350,6,114,33),(124,'2024-09-19','14:00:00',0,0,0,0,100,3,21,43),(125,'2024-09-19','18:00:00',20,0,495,0,396,5,113,30),(126,'2024-09-19','18:00:00',20,0,500,0,400,6,113,16),(127,'2024-09-20','11:00:00',0,0,450,0,450,4,6,27),(128,'2024-09-20','11:00:00',0,0,450,0,450,3,115,27),(129,'2024-09-20','14:00:00',0,690,0,0,690,5,25,9),(130,'2024-09-20','14:00:00',0,0,690,20,710,3,116,8),(131,'2024-09-20','14:00:00',0,0,690,0,690,4,117,9),(132,'2024-09-20','16:00:00',20,0,495,0,396,3,118,30),(133,'2024-09-20','16:00:00',10,0,690,0,621,5,119,8),(134,'2024-09-20','18:00:00',0,0,690,0,690,5,120,9),(135,'2024-09-21','09:00:00',0,0,710,0,710,3,121,10),(136,'2024-09-21','09:00:00',0,650,0,0,650,4,122,5),(137,'2024-09-21','11:00:00',0,495,0,0,495,4,22,30),(138,'2024-09-21','11:00:00',0,0,500,0,500,3,43,32),(139,'2024-09-21','11:00:00',0,550,0,0,550,5,123,2),(140,'2024-09-21','13:00:00',10,450,0,0,405,5,124,27),(141,'2024-09-21','13:00:00',0,0,500,0,500,3,40,32),(142,'2024-09-21','15:00:00',0,495,0,0,495,3,125,30),(143,'2024-09-20','18:00:00',0,200,0,0,200,3,27,45),(144,'2024-09-23','16:00:00',0,0,550,0,550,3,4,33),(145,'2024-09-23','18:00:00',0,0,710,0,710,3,126,10),(147,'2024-09-24','11:00:00',0,0,495,0,495,3,52,30),(148,'2024-09-24','16:00:00',0,0,495,0,495,5,13,30),(149,'2024-09-24','18:00:00',0,495,0,0,495,3,23,30),(150,'2024-09-25','09:00:00',0,0,1070,0,1070,3,128,46),(151,'2024-09-30','16:00:00',0,0,690,0,690,5,129,8),(152,'2024-09-25','11:00:00',0,0,630,0,630,6,128,16),(153,'2024-09-25','16:00:00',0,550,0,0,550,3,54,33),(154,'2024-09-25','16:00:00',0,0,550,0,550,4,130,2),(155,'2024-09-25','18:00:00',0,690,0,0,690,3,131,8),(156,'2024-09-25','16:00:00',15,500,0,0,425,5,132,32),(157,'2024-09-26','09:00:00',10,0,495,0,445.5,4,78,30),(158,'2024-09-26','09:00:00',10,100,395,0,445.5,3,24,30),(159,'2024-09-26','11:00:00',0,1000,0,50,1050,3,133,47),(160,'2024-09-26','11:00:00',0,1140,0,0,1140,4,127,48),(161,'2024-09-26','16:00:00',10,0,450,0,405,3,27,27),(162,'2024-09-26','16:00:00',0,0,530,0,530,6,27,16),(163,'2024-09-26','18:00:00',0,495,0,0,495,5,134,30),(164,'2024-09-26','18:00:00',0,490,0,0,490,3,28,28),(165,'2024-09-27','09:00:00',0,490,0,0,490,3,51,28),(166,'2024-09-27','09:00:00',0,690,0,0,690,4,135,9),(167,'2024-09-27','11:00:00',0,450,0,0,450,4,136,12),(168,'2024-09-27','11:00:00',0,0,490,10,500,3,19,28),(169,'2024-09-27','14:00:00',0,550,0,0,550,3,74,33),(170,'2024-09-27','14:00:00',0,0,495,0,495,5,73,30),(171,'2024-09-27','14:00:00',0,0,430,20,450,6,116,16),(172,'2024-09-27','16:00:00',10,0,495,0,445.5,3,66,30),(173,'2024-09-27','16:00:00',0,495,0,0,495,5,41,30),(174,'2024-09-27','18:00:00',0,0,780,100,880,3,138,11),(175,'2024-09-27','18:00:00',0,495,0,0,495,4,37,30),(176,'2024-09-28','09:00:00',0,0,550,0,550,3,87,33),(177,'2024-09-28','09:00:00',0,495,0,0,495,5,33,30),(178,'2024-09-28','09:00:00',0,280,0,0,280,6,33,16),(179,'2024-09-28','11:00:00',0,495,0,0,495,5,32,30),(180,'2024-09-28','13:00:00',0,500,0,0,500,3,91,32),(181,'2024-09-28','15:00:00',0,500,0,0,500,3,93,32),(182,'2024-09-28','11:00:00',0,320,0,0,320,6,32,16),(183,'2024-09-28','11:00:00',0,495,0,0,495,3,38,30),(185,'2024-09-30','09:00:00',0,0,450,0,450,3,58,27),(186,'2024-09-30','11:00:00',0,0,450,0,450,3,140,27),(187,'2024-09-30','11:00:00',0,495,0,0,495,4,139,30),(188,'2024-09-30','14:00:00',0,495,0,0,495,5,68,30),(189,'2024-09-30','14:00:00',0,320,0,0,320,4,141,13),(190,'2024-10-01','11:00:00',0,450,0,0,450,3,137,12),(191,'2024-10-01','11:00:00',0,495,0,0,495,5,81,30),(192,'2024-10-01','14:00:00',10,0,495,0,445.5,4,82,30),(193,'2024-10-01','14:00:00',0,0,495,0,495,3,83,30),(194,'2024-10-01','16:00:00',0,400,0,0,400,3,56,24),(195,'2024-10-01','16:00:00',10,495,0,0,445.5,5,36,30),(196,'2024-10-02','09:00:00',0,100,220,40,360,3,96,13),(197,'2024-10-02','11:00:00',0,0,490,0,490,3,84,28),(198,'2024-10-02','11:00:00',0,0,450,0,450,4,42,27),(199,'2024-10-02','14:00:00',0,0,320,0,320,4,143,13),(200,'2024-10-02','16:00:00',0,0,495,0,495,5,69,30),(201,'2024-10-02','18:00:00',0,690,0,0,690,5,144,8),(202,'2024-10-01','18:00:00',0,0,450,0,450,5,14,27),(203,'2024-10-02','13:00:00',0,0,150,0,150,5,69,14),(204,'0000-00-00','11:00:00',10,490,0,0,441,3,90,28),(205,'2024-10-03','14:00:00',0,0,495,55,550,3,62,30),(206,'2024-10-03','11:00:00',10,490,0,0,441,3,90,28),(207,'2024-10-03','16:00:00',0,495,0,0,495,4,86,30),(210,'2024-10-04','09:00:00',0,0,495,0,495,3,52,30),(211,'2024-10-04','11:00:00',0,495,0,0,495,3,94,30),(212,'2024-10-04','14:00:00',0,495,0,0,495,4,145,30),(213,'2024-10-04','14:00:00',0,690,0,0,690,5,25,8),(214,'2024-10-04','16:00:00',0,690,0,0,690,3,146,8),(215,'2024-10-04','16:00:00',0,300,0,0,300,6,146,16),(216,'2024-10-04','16:00:00',0,450,0,0,450,5,88,27),(217,'2024-10-04','18:00:00',0,495,0,0,495,4,147,30),(218,'2024-10-04','18:00:00',0,495,0,0,495,5,116,30),(219,'2024-10-04','18:00:00',0,490,0,0,490,3,128,28),(220,'2024-10-05','09:00:00',0,0,450,0,450,5,4,27),(221,'2024-10-05','11:00:00',0,0,690,60,750,3,148,8),(222,'2024-10-05','11:00:00',0,450,0,0,450,5,89,27),(223,'2024-10-05','11:00:00',0,300,0,0,300,6,89,16),(224,'2024-10-05','14:00:00',0,500,0,0,500,3,43,32),(225,'2024-10-05','15:00:00',0,100,350,0,450,3,149,12),(226,'2024-10-05','15:00:00',0,0,495,5,500,5,75,30),(233,'2024-10-07','09:00:00',0,0,600,0,600,3,150,3),(236,'2024-10-07','14:00:00',10,441.05,0,0,441.05,5,97,30),(237,'2024-10-07','14:00:00',0,320,0,0,320,6,97,57),(238,'2024-10-07','16:00:00',0,0,780,20,780,5,21,11),(239,'2024-10-08','09:00:00',0,0,450,40,450,4,99,27),(240,'2024-10-08','09:00:00',0,100,0,0,100,3,67,43),(241,'2024-10-08','11:00:00',0,100,0,0,100,3,67,43),(242,'2024-10-08','11:00:00',0,0,500,0,500,6,65,52),(243,'2024-10-08','11:00:00',0,0,250,0,250,4,65,15),(244,'2024-10-08','14:00:00',0,0,495,0,495,3,105,30),(245,'2024-10-08','15:00:00',0,0,120,0,120,3,105,14),(246,'2024-10-08','16:00:00',0,450,0,0,450,3,7,27),(247,'2024-10-08','16:00:00',0,320,0,0,320,6,7,57),(249,'2024-10-09','09:00:00',0,0,495,0,495,5,101,30),(250,'2024-10-09','09:00:00',0,0,780,0,780,3,151,11),(251,'2024-10-09','09:00:00',0,0,300,0,300,6,114,56),(252,'2024-10-09','11:00:00',0,0,450,0,450,4,6,27),(254,'2024-10-09','14:00:00',0,550,0,0,550,3,60,29),(255,'2024-10-09','16:00:00',0,550,0,0,550,3,54,33),(256,'2024-10-09','16:00:00',0,0,495,0,495,5,126,30),(257,'2024-10-09','18:00:00',0,900,0,90,900,3,103,59),(258,'2024-10-10','09:00:00',0,0,320,0,320,4,152,13),(259,'2024-10-10','09:00:00',0,550,0,0,550,3,109,29),(260,'2024-10-10','11:00:00',0,0,780,100,780,3,67,11),(261,'2024-10-10','14:00:00',0,0,495,0,495,4,108,30),(262,'2024-10-10','14:00:00',0,495,0,0,495,3,78,30),(263,'2024-10-10','18:00:00',0,500,0,0,500,3,113,32),(264,'2024-10-11','11:00:00',0,650,0,0,650,3,153,5),(265,'2024-10-12','09:00:00',0,495,0,30,495,3,133,30),(266,'2024-10-12','09:00:00',0,500,0,0,500,5,106,32),(267,'2024-10-12','23:00:00',0,0,495,0,495,3,40,30),(268,'2024-10-12','23:00:00',0,0,770,0,770,4,125,60),(269,'2024-10-12','13:00:00',0,0,780,0,780,5,4,11),(270,'2024-10-12','13:00:00',0,0,550,0,550,3,87,33),(271,'2024-10-12','15:00:00',0,0,600,0,600,5,154,4),(272,'2024-10-12','11:00:00',0,0,250,0,250,5,154,15),(273,'2024-10-14','09:00:00',0,0,450,0,450,4,42,27),(274,'2024-10-14','11:00:00',10,0,614.79,50,614.79,3,8,8),(275,'2024-10-14','17:00:00',0,95,400,0,495,3,23,30),(276,'2024-10-14','17:00:00',0,0,500,0,500,6,154,52),(277,'2024-10-15','09:00:00',0,650,0,0,650,3,155,5),(278,'2024-10-15','09:00:00',0,690,0,0,690,4,156,8),(279,'2024-10-15','14:00:00',0,0,450,0,450,3,140,27),(280,'2024-10-15','16:00:00',0,495,0,0,495,3,118,30),(281,'2024-10-15','16:00:00',0,0,780,0,780,5,34,11),(282,'2024-10-15','18:00:00',0,0,550,50,550,3,138,33),(283,'2024-10-15','18:00:00',0,0,650,0,650,5,157,5),(284,'2024-10-16','09:00:00',10,436.59,0,23,436.59,3,51,28),(285,'2024-10-16','11:00:00',0,495,0,0,495,4,127,31),(286,'2024-10-16','11:00:00',0,0,490,0,490,3,128,28),(287,'2024-10-16','12:00:00',0,0,495,30,495,3,116,30),(288,'2024-10-16','14:00:00',0,690,0,0,690,5,158,8),(289,'2024-10-16','14:00:00',0,495,0,0,495,3,70,30),(290,'2024-10-16','14:00:00',0,320,0,0,320,6,70,61),(291,'2024-10-16','16:00:00',0,650,0,0,650,5,159,5),(292,'2024-10-16','16:00:00',0,650,0,0,650,4,160,5),(293,'2024-10-16','09:00:00',0,0,495,0,495,5,107,30),(294,'2024-10-16','18:00:00',0,0,495,20,495,4,117,31),(295,'2024-10-16','18:00:00',10,100,336.59,0,436.59,3,28,28),(296,'2024-10-17','09:00:00',0,100,395,0,495,3,24,30),(297,'2024-10-17','09:00:00',0,330,0,50,330,6,114,62),(298,'2024-10-17','11:00:00',10,0,441.05,0,441.05,4,73,30),(299,'2024-10-17','11:00:00',0,550,0,0,550,3,74,33),(300,'2024-10-17','14:00:00',0,495,0,0,495,4,25,30),(301,'2024-10-17','16:00:00',0,0,495,0,495,5,69,30),(302,'2024-10-17','16:00:00',0,0,900,100,900,3,103,63),(303,'2024-10-17','14:00:00',0,120,0,0,120,5,69,14),(304,'2024-10-17','18:00:00',0,0,495,0,495,3,66,30),(305,'2024-10-17','18:00:00',0,650,0,0,650,5,161,5),(306,'2024-10-18','09:00:00',0,0,490,0,490,3,84,28),(307,'2024-10-18','09:00:00',0,600,0,0,600,6,162,64),(308,'2024-10-18','11:00:00',0,0,495,0,495,3,52,30),(309,'2024-10-18','11:00:00',0,0,500,0,500,6,163,52),(310,'2024-10-18','14:00:00',0,0,495,0,495,5,13,30),(311,'2024-10-18','14:00:00',10,0,686.07,0,686.07,3,115,60),(312,'2024-10-18','14:00:00',0,450,0,0,450,4,58,27),(313,'2024-10-18','16:00:00',0,0,450,0,450,3,27,27),(314,'2024-10-18','16:00:00',0,495,0,0,495,5,68,30),(315,'2024-10-18','18:00:00',0,400,0,0,400,3,56,24),(316,'2024-10-18','18:00:00',0,495,0,0,495,5,32,30),(317,'2024-10-18','18:00:00',0,495,0,0,495,4,77,30),(318,'2024-10-19','09:00:00',0,900,0,0,900,3,122,35),(319,'2024-10-19','09:00:00',0,495,0,0,495,5,33,30),(320,'2024-10-19','11:00:00',0,0,320,0,320,4,164,13),(321,'2024-10-19','11:00:00',0,0,450,0,450,3,165,12),(322,'2024-10-19','09:00:00',0,300,0,0,300,6,33,56),(323,'2024-10-19','11:00:00',10,441.05,0,0,441.05,5,38,30),(324,'2024-10-19','13:00:00',0,120,0,0,120,3,91,65),(325,'2024-10-19','13:00:00',0,690,0,0,690,5,124,8),(326,'2024-10-19','15:00:00',0,200,0,0,200,3,166,45),(327,'2024-10-19','15:00:00',0,495,0,0,495,5,92,30);
/*!40000 ALTER TABLE `citas` ENABLE KEYS */;
UNLOCK TABLES;

--
-- Table structure for table `clientas`
--

DROP TABLE IF EXISTS `clientas`;
/*!40101 SET @saved_cs_client     = @@character_set_client */;
/*!50503 SET character_set_client = utf8mb4 */;
CREATE TABLE `clientas` (
  `idclienta` int(11) NOT NULL AUTO_INCREMENT,
  `nombre` varchar(30) DEFAULT NULL,
  `fecha` date DEFAULT NULL,
  `edad` int(11) DEFAULT NULL,
  `sexo` varchar(20) DEFAULT NULL,
  `ocupacion` varchar(30) NOT NULL,
  `colonia` varchar(50) DEFAULT NULL,
  `calle` varchar(30) DEFAULT NULL,
  `cp` int(11) DEFAULT NULL,
  `idmunicipio` int(11) DEFAULT NULL,
  `fecha_nacimiento` varchar(50) DEFAULT NULL,
  `numerotelefonico` varchar(50) DEFAULT NULL,
  `alergias` varchar(50) DEFAULT NULL,
  `patalogias_activas` varchar(50) DEFAULT NULL,
  `lentes_contacto_armazon` varchar(30) DEFAULT NULL,
  `saber_nosotros` varchar(50) DEFAULT NULL,
  `p_recomendadas` varchar(50) DEFAULT NULL,
  `observaciones` varchar(50) DEFAULT NULL,
  `estatus` tinyint(1) DEFAULT NULL,
  `imagen` varchar(50) DEFAULT NULL,
  `detalle` varchar(100) DEFAULT NULL,
  PRIMARY KEY (`idclienta`),
  KEY `idmunicipio` (`idmunicipio`),
  CONSTRAINT `clientas_ibfk_1` FOREIGN KEY (`idmunicipio`) REFERENCES `municipios` (`idmunicipio`)
) ENGINE=InnoDB AUTO_INCREMENT=167 DEFAULT CHARSET=utf8mb4 COLLATE=utf8mb4_0900_ai_ci;
/*!40101 SET character_set_client = @saved_cs_client */;

--
-- Dumping data for table `clientas`
--

LOCK TABLES `clientas` WRITE;
/*!40000 ALTER TABLE `clientas` DISABLE KEYS */;
INSERT INTO `clientas` VALUES (4,'Abigail Esther Gonzalez Quinta','2024-08-28',25,'Femenino','Comerciante','Emiliano Zapata                                  ','Violeta',52918,1,'1999-07-05','5633331364                             ','No','No                                               ','Contacto                     ','Instagram','                                                 ','',1,'uploads/imagen_34389.png','Ejemplo'),(6,'Ana Ximena Reyes Olvera','2024-08-19',19,'Femenino\n           ','Estudiante ','Villas de la hacienda                            \n','',0,1,'2005-05-22','5575052545\n                ','No','No                                               \n','Armazon                      \n','Instagram','                                                \n ','',1,NULL,NULL),(7,'Stephanie Galvan de la Rosa','2024-09-02',24,'Femenino\n           ','Diseñadora y comunnity manager','Los pirules                                \n      ','',54040,3,'2000-11-16','5520309953\n                ','Ninguna','  No                                    \n         ','Ninguno                      \n','Instagram','                                                \n ','',1,NULL,NULL),(8,'Yadira Jazmin Contreras Garza','2024-05-01',39,'Femenino\n           ','Ama de Casa','                                \n                ','',0,4,'1985-03-14','5636957414\n                ','Polvo','No                                \n               ','Ninguno   \n                ','Facebook','                                \n                ','',1,NULL,NULL),(9,'Frida Natalia Lopez Carbajal','2024-09-03',26,'Femenino\n           ','Lashista','                \n                ','',0,1,'1997-12-28','5631455278\n                ','No','No                \n                ','Armazon                 \n     ','Facebook','                \n                ','',1,NULL,NULL),(10,'Nathaly Lovera Contreras','2023-05-01',18,'Femenino\n           ','Comerciante','                \n                ','',0,4,'2006-06-28','5625928056\n                ','Amoxilina','No                \n                ','Ninguno                      \n','Facebook','                \n                ','',1,NULL,NULL),(11,'Cintia Sanchez Zarate','2024-09-03',28,'Femenino\n           ','Trabajar ','                                                \n ','',0,1,'1996-01-03','5527632029\n                ','No','No                                               \n','Contacto                     \n','Facebook','                                                \n ','',1,NULL,NULL),(13,'Patricia Mendoza Dalamino','2024-09-03',43,'Femenino\n           ','Trabajar ','                \n                ','',0,1,'1979-08-09',' 5584530252\n                ','No','No\n                ','Ninguno              \n        ','Facebook','                \n                ','',1,NULL,NULL),(14,'Amalia Lopez Sandoval','2024-09-03',55,'Femenino\n           ','Trabajar ','  Prados de Ixtacala\n                ','',0,1,'1968-10-11','      5548339720\n                ','No',' No\n                ','                Ninguno\n      ','Facebook','                \n                ','',1,NULL,NULL),(15,'Alondra Cruz ','2024-09-03',20,'Femenino\n           ','Estudiante ','\n                ','',0,1,'1998-03-02','\n                ','','\n                ','\n                ','','\n                ','',1,NULL,NULL),(18,'Caelmi cruz ','2024-09-03',45,'Femenino\n           ','Trabajar ','\n                ','',0,1,'1980-05-18','\n                ','','\n                ','\n                ','','\n                ','',1,NULL,NULL),(19,'Monica Perez Talavera','2024-09-04',49,'Femenino\n           ','Abogada','\n                ','',0,4,'1975-01-23','5580345129\n                ','No','Diabetes\n                ','Armazon \n                ','Recomendacion ','\n                ','',1,NULL,NULL),(21,'Brenda Maldonado','2024-09-04',26,'Femenino\n           ','Trabajar ','\n                ','',0,1,'1998-05-23','5582369653\n                ','No','No\n                ','Ninguno              \n        ','Instagram','\n                ','',1,NULL,NULL),(22,'Alejandra Pelarez Aldana','2024-09-04',45,'Femenino\n           ','Empleada Bancaria','\n                ','',0,1,'1977-05-21','5510133025\n                ','No','Demartitis\n                ','Ninguno              \n        ','Recomendacion ','\n                ','',1,NULL,NULL),(23,'Gabriela Esparza Cisneros','2024-09-04',32,'Femenino\n           ','Comerciante',' San Mateo Tecoloapan\n                ','',0,1,'1992-03-22','               5538879052 \n                ','No','No\n                ','Armazon \n                ','Recomendacion ','                \n                ','',1,NULL,NULL),(24,'Berenice Morales Villegas','2024-09-05',38,'Femenino\n           ','Empleada','\n                ','',0,3,'1986-03-25','5544436984\n                ','Camaron,polvo','No\n                ','Armazon                 \n     ','Recomendacion ','\n                ','',1,NULL,NULL),(25,'Aranza Karime Pastran Velez','2024-09-05',25,'Femenino\n           ','Estudiante ','\n                ','',0,1,'2000-06-09','5518108134\n                ','','\n                ','\n                ','Instagram','\n                ','',1,NULL,NULL),(26,'Karen Rodriguez ','2024-09-05',32,'Femenino\n           ','estudiante','\n                ','',0,1,'','\n                ','','\n                ','\n                ','','\n                ','',0,NULL,NULL),(27,'Mariana Hernandez Gonzalez ','2024-09-05',24,'Femenino\n           ','Estudiante ','la providencia \n                ','',54010,3,'2000-06-19','5614799370\n                ','','Anemia \n                ','\n                ','recomendacion','\n                ','',1,NULL,NULL),(28,'Viridiana Juarez Hurtado','2024-09-05',35,'Femenino\n           ','Medico','Valle Ceylan\n                ','',0,3,'1989-01-31','5563682788\n                ','No','No                                               \n','Armazon \n                ','Recomendacion ','\n                ','',1,NULL,NULL),(29,'Yahaira Olvera Portillo','2024-09-06',43,'Femenino\n           ','Empleada','\n                ','',0,1,'1980-10-11','5530703642\n                ','No','No                                               \n','Armazon                 \n     ','Recomendacion ','\n                ','',1,NULL,NULL),(30,'Marianagel Martinez','2024-09-06',17,'Femenino\n           ','Estudiante ','\n                ','',0,1,'2007-02-08','5560953188\n                ','No','No\n                ','Ninguno              \n        ','Recomendacion ','\n                ','',1,NULL,NULL),(31,'Karen Mora Moreno','2024-09-06',24,'Femenino\n           ','Abogada','\n                ','',0,1,'2000-11-18','0\n                ','No','No                                               \n','Armazon                 \n     ','Recomendacion ','\n                ','',1,NULL,NULL),(32,'Maria De los Angeles Cortez','2024-09-06',60,'Femenino\n           ','Empresaria','                                \n                ','',0,4,'1963-09-13','5541418992                                \n       ','Medicamentos','No                                               \n','Armazon                      \n','Recomendacion ','                                \n                ','',1,NULL,NULL),(33,'Giovana Franco Sanchez','2024-09-06',30,'Femenino','Abogada','                ','',0,1,'1993-10-01','5529433462                ','Polvo','No                                               ','Armazon                      ','Facebook','                ','',1,NULL,'donas'),(34,'Vanessa Felix Frias ','2024-09-06',24,'Femenino\n           ','Ama de Casa','\n                ','',0,1,'2000-02-21','5614743369\n                ','','\n                ','armazon \n                ','facebook','\n                ','',1,NULL,NULL),(35,'Maria Fernanda Cruz Delgadillo','2024-09-06',24,'Femenino\n           ','Abogada','\n                ','',0,2,'2000-08-21','5547616052\n                ','No','No\n                ','Armazon                 \n     ','Facebook','\n                ','',1,NULL,NULL),(36,'Ximena Garcia Romero ','2024-09-06',25,'Femenino\n           ','Estudiante ','\n                ','',0,1,'1999-04-08','5525199284\n                ','camaron ','\n                ','ambos \n                ','recomendacion ','\n                ','',1,NULL,NULL),(37,'Karla Fernanda Zamarron Rodea ','2024-09-06',27,'Femenino\n           ','Ama de Casa','Villas de la hacienda                            \n','',52929,1,'1996-11-13','5616315496\n                ','','\n                ','\n                ','Recomendacion','\n                ','',1,NULL,NULL),(38,'Gabriela Buen dia ','2024-09-07',36,'Femenino\n           ','empleada','\n                ','',0,1,'1988-07-15','5529432493\n                ','','\n                ','armazon\n                ','facebook','\n                ','',1,NULL,NULL),(39,'Daniela Suarez Pedrosa ','2024-09-07',27,'Femenino\n           ','Psicologa','\n                ','',0,1,'1997-01-19','5563476739\n                ','No','No\n                ','Armazon \n                ','Recomendacion ','Kari Cisneros\n                ','',1,NULL,NULL),(40,'Carmen Michelle Osorio Garcia ','2024-09-07',25,'Femenino\n           ','empleada','\n                ','',0,1,'1998-11-17','5527504517\n                ','','\n                ','ambos  \n                ','facebook ','\n                ','',1,NULL,NULL),(41,'Mariana Mendez Chavelas','2024-09-07',21,'Femenino\n           ','ejecutiva telefonica ','\n                ','',0,4,'2003-09-04','5574250901\n                ','','\n                ','\n                ','recomendacion ','\n                ','',1,NULL,NULL),(42,'Melanye Alejandra Sanchez Este','2024-09-07',23,'Femenino','Comerciante','                                ','',0,1,'2001-05-07','5587272786                ','No','No                                               ','Armazon                      ','Recomendacion ','                                ','',1,NULL,NULL),(43,'Abigail Osorio Garcia','2024-09-07',24,'Femenino','Administracion ','                ','',0,1,'1999-10-31','5574777824                ','No','No                                ','Armazon                 ','Recomendacion ','                ','',1,'uploads/imagen_950110.png',NULL),(44,'Leslie Ramirez Resendiz','2024-09-07',22,'Femenino\n           ','Ingeniera','\n                ','',0,1,'2001-12-13','5576886163\n                ','No','No                \n                ','Ambos\n                ','Facebook','\n                ','',1,NULL,NULL),(45,'Ana Sofia Juarez Vargas ','2024-09-07',16,'Femenino\n           ','Estudiante ','                \n                ','',0,5,'2007-11-04','5523371319                \n                ','','                \n                ','                \n             ','Instagram','                \n                ','',1,NULL,NULL),(51,'Marijose Valle Sanchez','2024-09-09',24,'Femenino','Ama de Casa','','',0,1,'1999-09-19','5524594476','No','No                                               ','Ninguno              ','Recomendacion ','','',1,NULL,NULL),(52,'Guadalupe Berenice Mendoza Pel','2024-09-09',24,'Femenino','Venta de Seguros','','',0,1,'1999-12-14','5542065778','No','No                                               ','Ninguno              ','Recomendacion ','','',1,NULL,NULL),(53,'Maribel Tovar Guzman','2024-09-09',28,'Femenino','Empleada','','',0,1,'1995-11-04','55686734','No','No                                               ','Armazon ','Recomendacion ','','',1,NULL,NULL),(54,'Andrea Santander Leon','2024-09-08',27,'Femenino','Empleada','','',0,4,'1996-11-10','5543152775','No','No                                               ','Armazon ','Recomendacion ','','',1,NULL,NULL),(55,'Cristina Antunez Santiago','2024-09-10',42,'Femenino','Empleada','','',0,1,'1981-01-07','5522992644','No','No                                               ','Armazon                 ','Recomendacion ','','',1,NULL,NULL),(56,'Victoria Gomez Rios','2024-09-09',30,'Femenino','Empleada','','',0,4,'1990-08-15','5543378448','Fresas','No                                               ','Armazon ','Instagram','','',1,NULL,NULL),(57,'Yiovanna Velazquez Maldonado','2024-09-09',23,'Femenino','Medico ','','',0,1,'2001-05-19','5650277386','Penicilina','No                                               ','Ninguno              ','Facebook','','',1,NULL,NULL),(58,'Ana Buen dia ','2024-09-09',33,'Femenino','empleada','Villas de la hacienda                            ','',0,1,'1990-09-17','5536570739','no','no','Armazon ','Recomendacion ','','',1,NULL,NULL),(59,'Ellie Lilian Medellin Juarez','2024-09-10',39,'Femenino','Asesora financiera','','',0,1,'1985-04-01','5548614860','No','No                                               ','Armazon                 ','Facebook','','',1,NULL,NULL),(60,'Yesenia Cruz Gudiño ','2024-09-10',32,'Femenino','Empleada','','',0,1,'1991-12-08','5548658499','No','No                                               ','Ninguno              ','Recomendacion ','','',1,NULL,NULL),(61,'Maria Teresa Pineda Cuadrello','2024-09-10',57,'Femenino','Ama de Casa','','',0,4,'1966-01-22','5521758088','No','No                                               ','Ninguno              ','Recomendacion ','','',1,NULL,NULL),(62,'Jimena Romina Araya Navarro','2024-09-10',40,'Femenino','Influencer','','',0,1,'1984-09-05','5544533341','No','No                                               ','Ninguno              ','Recomendacion ','','',1,NULL,NULL),(63,'Vivian Sanchez Velez','2024-09-10',25,'Femenino','Estudiante ','','',0,6,'1999-02-15','5616425012','Gatitos','No                                               ','Armazon ','Recomendacion ','','',1,NULL,NULL),(64,'Deborah Ponce Martinez','2024-09-10',25,'Femenino','empresaria ','','',0,6,'1999-08-29','','','','','recomendacion','','',1,NULL,NULL),(65,'Magaly Garduño ','2024-09-10',23,'Femenino','Estudiante ','','',0,1,'2001-03-12','','','','','','','',1,NULL,NULL),(66,'Martha Gabriela Farfan Villega','2024-09-11',32,'Femenino','Medico','','',0,3,'1992-03-18','5586115509','No','No                                               ','Ninguno              ','recomendacion','','',1,NULL,NULL),(67,'Karem Rodriguez Medina','2024-09-11',36,'Femenino','Ama de Casa','','',0,4,'1988-06-03','5527716960','No','No                                               ','Ninguno              ','Instagram','','',1,NULL,NULL),(68,'Maria Guadalupe Marquez','2024-09-11',47,'Femenino','Empleada','','',0,3,'1976-09-21','5554320786','No','No                                               ','Armazon                 ','Recomendacion ','','',1,NULL,NULL),(69,'Aylin  Vazquez Jasso','2024-09-11',27,'Femenino','Ama de Casa','','',0,1,'1997-06-07','5532625304','No','No                                               ','Contacto                     ','Recomendacion ','','',1,NULL,NULL),(70,'Haydee Estevez','2024-09-11',47,'Femenino','Comerciante','','',0,1,'1977-04-12','5525390721','No','No                                     ','Ninguno              ','Recomendacion ','','',1,NULL,NULL),(73,'Ayde Irma Basurto Hernandez','2024-09-12',67,'Femenino','Jubilada','','',0,4,'1957-08-27','5535066000','No','No                                               ','Armazon ','Recomendacion ','','',1,NULL,NULL),(74,'Karla Alejandra Zamora Gonzale','2024-09-12',26,'Femenino','Psicologa','','',0,4,'1998-01-23','5551849334','No','No                                               ','Armazon ','Facebook','','',1,NULL,NULL),(75,'Martha Villegas Camacho','2024-09-12',53,'Femenino','Ama de Casa','','',0,3,'1971-01-17','5586118691','No','Diabetes','Armazon   ','Recomendacion ','','',1,NULL,NULL),(76,'Valeria Rodriguez Cruz','2024-09-12',21,'Femenino','Estudiante ','','',0,1,'2003-08-04','5618148759','No','No                                               ','Ninguno              ','Instagram','','',1,NULL,NULL),(77,'Maria Fernanda Sanchez Acuña','2024-09-12',28,'Femenino','Empleada','','',0,1,'1996-01-15','5560470888','No','No                                               ','Armazon ','Facebook','','',1,NULL,NULL),(78,'Valentina Yadira Lopez Guadalu','2024-09-12',25,'Femenino','Estudiante ','','',0,1,'1999-02-14','5630855469','No','Asma','Armazon ','Recomendacion ','','',1,NULL,NULL),(79,'Vigina Sanchez Baliño','2024-09-12',44,'Femenino','Empleada','','',0,1,'1980-06-08','5580341383','No','No                                               ','Armazon ','Facebook','','',1,NULL,NULL),(80,'Daniela Adolfo Morales','2024-09-13',19,'Femenino','Estudiante ','','',0,1,'2004-11-18','5568870362','No','No                                               ','Armazon ','Facebook','','',1,NULL,NULL),(81,'Estefany Chavez Dominguez','2024-09-13',32,'Femenino','Comerciante','','',0,4,'1992-05-29','5534539675','No','No                                               ','Ninguno              ','Recomendacion ','','',1,NULL,NULL),(82,'Sheyla Gabriela Martinez Rodri','2024-09-13',26,'Femenino','Empleada','','',0,1,'1998-01-16','7295625706','No','No                                               ','Armazon ','Recomendacion ','','',1,NULL,NULL),(83,'Karen Avalos Sanchez','2024-09-13',34,'Femenino','Empleada','','',0,1,'1990-02-10','5528693729','No','No                                               ','Ninguno              ','Recomendacion ','','',1,NULL,NULL),(84,'Fernanada Penelope Brito Perez','2024-09-13',31,'Femenino','Ama de Casa','','',0,4,'1992-11-05','5530493133','Polvo','No                                               ','Ninguno              ','Facebook','','',1,NULL,NULL),(85,'Luna Martinez Ventura','2024-09-13',20,'Femenino','Empleada','','',0,1,'2004-06-19','5611762140','No','No                                               ','Armazon ','Instagram','','',1,NULL,NULL),(86,'Gabriela Patricia Garcia Perez','2024-09-13',58,'Femenino','Maestra','','',0,4,'1967-03-24','5518008567','Penicilina','Tiroides','Armazon ','Recomendacion ','','',1,NULL,NULL),(87,'Daniela Diaz Ayala','2024-09-14',26,'Femenino','Empleada','','',0,1,'1997-12-31','5588214237','No','No                                               ','Armazon ','Instagram','','',1,NULL,NULL),(88,'Erendira Antunez Santiago','2024-09-14',40,'Femenino','Empleada','','',0,1,'1984-01-02','5530103305','No','No                                               ','Ninguno              ','Recomendacion ','','',1,NULL,NULL),(89,'Sayuri Cruz Vazquez','2024-09-14',24,'Femenino','Empleada','','',0,4,'1999-10-08','5612937148','No','No                                               ','Armazon ','Facebook','','',1,NULL,NULL),(90,'Maria Guadalupe Moreno Domingu','2024-09-14',32,'Femenino','Empleada','','',0,2,'1991-11-11','5548995770','No','No                                               ','Armazon ','Recomendacion ','','',1,NULL,NULL),(91,'Maria de Jesus Cuirisis Rendon','2024-09-14',25,'Femenino','Empleada','','',0,1,'1999-09-04','5581340255','No','No                                               ','Ninguno              ','Instagram','','',1,NULL,NULL),(92,'Leslie Cristobal Becerra','2024-09-14',22,'Femenino','Empleada','','',0,1,'2001-09-27','5640015177','No','No                                               ','Armazon                 ','Facebook','','',1,NULL,NULL),(93,'Michelle Flores Segura','2024-09-14',26,'Femenino','Empleada','','',0,4,'1998-03-06','5534449953','No','No                                               ','  Armazon      ','Recomendacion ','','',1,NULL,NULL),(94,'Alessandra Orozco Gomez ','2024-09-14',24,'Femenino','Estudiante ','','',0,4,'2000-06-17','5586193969','','epilepsia ','','recomendacion luna ','','',1,NULL,NULL),(96,'Mariana Corona Vazquez','2024-09-17',36,'Femenino','Ama de Casa','','',0,1,'1987-09-18','5513303912','No','No                                               ','Armazon ','Facebook','','',1,NULL,NULL),(97,'Mariela Jaqueline Gonzalez Pel','2024-09-17',24,'Femenino','Empleada','','',0,1,'2000-03-05','5573407002','No','No                                               ','Armazon ','Recomendacion ','','',1,NULL,NULL),(98,'Yanien Cortez Gomez','2024-09-17',35,'Femenino','Empleada','','',0,1,'1985-10-12','5534219025','No','No                                               ','Ninguno              ','Recomendacion ','','',1,NULL,NULL),(99,'Itzel Dominguez Delfin ','2024-09-17',45,'Femenino','Empleada','','',0,4,'1979-11-10','5522688677','No','No                                               ','Ninguno              ','Facebook','','',1,NULL,NULL),(100,'Natalia Gracia Medrano','2024-09-17',21,'Femenino','Maestra','Villas de la hacienda                            ','',0,1,'2003-03-13','5540893557','No','No                                ','Armazon                 ','Facebook','','',1,NULL,NULL),(101,'Silvia Estrada Canales','2024-09-18',32,'Femenino','Ama de Casa','','',0,1,'1992-03-30','5535010162','Menta','No                                               ','Ninguno              ','Facebook','','',1,NULL,NULL),(102,'Karen Yuridia Hernandez Garcia','2024-09-18',25,'Femenino','Comerciante','','',0,1,'1999-11-21','5519883444','No','No                                               ','Armazon ','Recomendacion ','','',1,NULL,NULL),(103,'Maria Dominguez Santarita','2024-09-18',29,'Femenino','Doctora','','',0,1,'1992-11-03','5530584456','No','No                                               ','Ambos','Facebook','','',1,NULL,NULL),(104,'Vanessa Ferrer Sampeiro','2024-09-18',31,'Femenino','Empleada','','',0,1,'1993-06-13','5519572293','Hidrogel ','No                                               ','Ninguno              ','Facebook','','',1,NULL,NULL),(105,'Jaqueline Bravo Navallejo','2024-09-18',53,'Femenino','Empleada','','',0,3,'1971-04-07','5576947031','No','No                                               ','Armazon ','Recomendacion ','','',1,NULL,NULL),(106,'Yahaira Guadalupe Romero Delga','2024-09-18',18,'Femenino','Estudiante ','','',0,2,'2006-05-21','5626394269','No','No                                               ','Ninguno              ','Recomendacion ','','',1,NULL,NULL),(107,'Silvia Reyes Alvarado','2024-09-18',48,'Femenino','Ama de Casa','','',0,4,'1976-03-17','5566963159','Ninguna','No                                               ','Contacto                     ','Recomendacion ','','',1,NULL,NULL),(108,'Maricela Gonzalez Mendoza','2024-09-19',54,'Femenino','Ama de Casa','','',0,1,'1971-10-28','5573999029','No','No                                               ','Ninguno              ','Facebook','','',1,NULL,NULL),(109,'Edith Janely Garcia Santiago','2024-09-19',43,'Femenino','Enfermera','','',0,2,'1981-03-15','5536977127','No','No                                               ','Ninguno              ','Recomendacion ','','',1,NULL,NULL),(111,'Ximena Dimas Fernandez','2024-09-19',14,'Femenino','Estudiante ','','',0,1,'2004-09-22','5510523884','No','No                                               ','Armazon ','Recomendacion ','','',1,NULL,NULL),(112,'Angeles Rodriguez Avila','2024-09-19',24,'Femenino','Empleada','','',0,1,'1999-10-30','5531369693','No','No                                               ','Ninguno              ','Instagram','','',1,NULL,NULL),(113,'Monserrath Montantes Chavez','2024-09-19',25,'Femenino','Empleada','','',0,1,'1998-09-22','5573761128','No','No                                               ','Armazon ','','','',1,NULL,NULL),(114,'Aldenith Castellanos Rios','2024-09-20',36,'Femenino','Ama de Casa','','',0,1,'1988-04-09','5535636913','No','No                                               ','Armazon ','Facebook','','',1,NULL,NULL),(115,'Samanta Besaith Brito Perez','2024-09-20',30,'Femenino','Contadora','','',0,4,'1994-06-25','5532214765','Penicilina','No                                               ','Armazon                 ','Recomendacion ','','',1,NULL,NULL),(116,'Marisol Flores Rosas','2024-09-20',49,'Femenino','Ama de Casa','','',0,4,'1975-01-27','5516841307','No','No                                               ','Ninguno              ','Recomendacion ','','',1,NULL,NULL),(117,'Rocio Zarate ','2024-09-20',40,'Femenino','Ama de Casa','','',0,1,'1979-09-18','5585307567','No','No                                               ','Ninguno              ','Instagram','','',1,NULL,NULL),(118,'Rebeca Martinez Ramos','2024-09-20',46,'Femenino','Comerciante','','',0,1,'1977-10-21','5572189533','Ninguna','No                                               ','Armazon ','Recomendacion ','','',1,NULL,NULL),(119,'Karina Terrazas Perez','2024-09-20',48,'Femenino','Gestora','','',0,1,'1976-01-29','5581543656','Ninguna','No                                               ','Ninguno              ','Recomendacion ','','',1,NULL,NULL),(120,'Rosa Maria Ojeda','2024-09-20',63,'Femenino','Ama de Casa','','',0,4,'1964-09-28','5575118863','Girocaina','No                                               ','Armazon ','Recomendacion ','','',1,NULL,NULL),(121,'Karen Torres Lopez','2024-09-21',25,'Femenino','Ejecutiva','','',0,3,'1999-05-13','5611944557','Ninguna','No                                               ','Ninguno              ','Recomendacion ','','',1,NULL,NULL),(122,'Roxana Trujillo Rrodriguez','2024-09-21',28,'Femenino','Empleada','','',0,3,'1995-12-08','5591094470','Ninguna','No                                               ','Ninguno              ','Recomendacion ','','',1,NULL,NULL),(123,'Itzel Fabiola Chavez Paczka','2024-09-21',33,'Femenino','Empleada','','',0,1,'1992-02-13','8134427728','Ninguna','No                                               ','Ninguno              ','Instagram','','',1,NULL,NULL),(124,'Fatima Gabriela Elias Garcia ','2024-09-21',29,'Femenino','Empleada','','',0,4,'1994-10-25','56138796110','penicilina ','','armazon','Recomendacion ','Rossi, Jimena Araya.','',1,NULL,NULL),(125,'Claudia Cespedes Aguirre','2024-09-21',48,'Femenino','Empleada','','',0,4,'1976-09-26','5540851294','Ninguna','No                                               ','Armazon ','Recomendacion ','','',1,NULL,''),(126,'Valeria Gonzalez Ramirez','2024-09-23',26,'Femenino','enfermera','','',0,7,'1998-06-29','5534873027','Ninguna','no                      ','Ninguno              ','Redes sociales','','',1,NULL,NULL),(127,'Edith Aldana Diaz ','2024-09-24',27,'Femenino','Colorista','','',0,4,'1997-02-02','5584326854','Ninguna','No                                               ','Ninguno              ','Instagram','','',1,NULL,NULL),(128,'Arath Laguna Flores','2024-09-25',24,'Femenino','Ingeniera ','','',0,4,'2000-05-08','5571118848','Ninguna','No                                               ','Ninguno              ','Recomendacion ','','',1,NULL,NULL),(129,'Rosa Millan Alvarez','2024-09-25',47,'Femenino','Empleada','','',0,1,'1976-11-07','5620314134','Ninguna','No                                               ','Ninguno              ','Recomendacion ','','',1,NULL,NULL),(130,'Isabella Santander Leon','2024-09-25',19,'Femenino','Estudiante ','','',0,4,'2004-09-27','5549622660','Ninguna','No                                               ','Armazon ','Recomendacion ','','',1,NULL,NULL),(131,'Mariana Jimenez Garcia','2024-09-25',48,'Femenino','Empleada','','',0,1,'1976-06-20','5554697499','Ninguna','No                                               ','Armazon ','Recomendacion ','','',1,NULL,NULL),(132,'Meredith Palacios Garcia','2024-09-25',23,'Femenino','Empleada','','',0,1,'2000-04-30','5624606841','Ninguna','No                                               ','Armazon          ','Recomendacion ','','',1,NULL,NULL),(133,'Michelle Navarrete Galvez','2024-09-26',30,'Femenino','Empleada','','',0,1,'1993-10-12','5587913455','Ninguna','No                                               ','Ninguno              ','Instagram','','',1,NULL,NULL),(134,'Yazmin Reyes Alvarado','2024-09-26',44,'Femenino','Docente','','',0,1,'1975-04-29','5539968314','Ninguna','No                                               ','Ninguno              ','Recomendacion ','','',1,NULL,NULL),(135,'Karla Jennifer Zamudio Arres','2024-09-27',34,'Femenino','Empleada','','',0,1,'1989-09-30','5619257760','Ninguna','No                                               ','Ninguno              ','Recomendacion ','','',1,NULL,NULL),(136,'Leyda Fernanda Santillan ','2024-09-27',24,'Femenino','Empleada','','',0,1,'2000-06-25','5574383588','Ninguna','No                                               ','Armazon ','Instagram','','',1,NULL,NULL),(137,'Laura Palos Franco','2024-09-27',49,'Femenino','Cosmetologa ','','',0,1,'19975-07-23','5510645560','Ninguna','Hipotiroidismo','Armazon ','Recomendacion ','','',1,NULL,NULL),(138,'Dulce Marisol Franco Jimenez','2024-09-27',33,'Femenino','Empleada','','',0,2,'1991-03-23','5531183273','Ninguna','No                                               ','Ninguno              ','Recomendacion ','','',1,NULL,NULL),(139,'Karla Maria Rodriguez Rodrigue','2024-09-30',41,'Femenino','Empleada','','',0,1,'1982-10-08','5543467042','Ninguna','No                                               ','Ninguno              ','Recomendacion ','','',1,NULL,NULL),(140,'Margaria Solorsano','2024-09-30',47,'Femenino','Empleada','','',0,1,'1976-06-26','5615574239','Ninguna','No                                               ','Ninguno              ','Recomendacion ','','',1,NULL,NULL),(141,'Heidi Jaquelinne Solis Luna','2024-09-30',21,'Femenino','Empleada','','',0,1,'2003-09-27','5517875215','Ninguna','No                                               ','Ninguno              ','Instagram','','',1,NULL,NULL),(143,'Alejandra Garcia Rubio','2024-10-02',24,'Femenino','Estudiante ','','',0,1,'2000-06-08','5527385952','Ninguna','No                                               ','Ninguno              ','Instagram','','',1,NULL,''),(144,'Xochitl Marisol Rivera Reyes','2024-10-02',36,'Femenino','Empleada','','',0,3,'1988-01-02','5612658433','Ninguna','No                                               ','Armazon ','Recomendacion ','','',1,NULL,''),(145,'Mirtha Mendoza Orozco','2024-10-04',65,'Femenino','Empleada','','',0,1,'1956-05-26','5541389133','Ninguna','No                                               ','Ninguno              ','Recomendacion ','','',1,NULL,''),(146,'Carolina Flores Yañez','2024-10-04',26,'Femenino','Ejecutiva','','',0,1,'1998-07-15','5537132501','Ninguna','No                                               ','Ambos','Recomendacion ','','',1,NULL,''),(147,'Maria Fernanda Sanchez Acuña','2024-10-04',28,'Femenino','Empleada','','',0,1,'1996-01-15','5560470888','Ninguna','No','Ambos','Recomendacion ','','',1,NULL,''),(148,'Karla Abril Garnica Medina','2024-10-05',23,'Femenino','Empleada','','',0,4,'2001-04-26','5530153183','Ninguna','No                ','Ninguno              ','Instagram','','',1,NULL,''),(149,'Andrea Deniss Rodriguez Vargas','2024-10-05',21,'Femenino','Empleada','','',0,1,'2003-02-11','5637406669','Ninguna','No                                               ','Ninguno              ','Facebook','','',1,NULL,''),(150,'Azania Yariseth Erdosay Aguila','2024-10-07',41,'Femenino','Dentista','','',0,1,'1983-08-11','5564232438','Ninguna','No                                               ','Ninguno              ','Recomendacion ','','',1,NULL,''),(151,'Lorena Yoeli Maldonado','2024-10-09',22,'Femenino','Comerciante','','',0,1,'2002-06-21','5612832301','nula','No                                               ','Ninguno              ','recomendacion','','',1,NULL,''),(152,'Isabel Alejandra Esquivel Garc','2024-10-10',32,'Femenino','Ama de Casa','','',0,1,'1992-07-13','5576731383','Ninguna','No                                               ','Ninguno              ','Instagram','','',1,NULL,''),(153,'Yara Rueda Curiel','2024-10-11',28,'Femenino','Veterinaria','','',0,1,'1995-04-05','5531498873','Ninguna','No                                               ','Ninguno              ','Facebook','','',1,NULL,''),(154,'Jessica Nayeli Trejo Olivalres','2024-10-12',29,'Femenino','Empleada','','',0,4,'1995-01-22','5546930168','Ninguna','No                                               ','Armazon ','Recomendacion ','','',1,NULL,''),(155,'Karla Emireth Perez Patricia ','2024-10-15',18,'Femenino','Trabajar ','','',0,1,'2006-05-31','5631425280','No','No                                               ','Ninguno              ','Facebook','Ninguna','',1,NULL,''),(156,'Edith Ariadna Pacheco Hernande','2024-10-15',18,'Femenino','Trabajar ','san jose del jaral','',0,1,'2006-04-28','5517984190','No','No                                               ','Ninguno              ','Facebook','','',1,NULL,''),(157,'Ana Karen Delgadillo Maldonado','2024-10-15',24,'Femenino','Estudiante ','','',0,1,'2000-06-12','5584286047','Ninguna','No                                               ','Armazon ','Instagram','','',1,NULL,''),(158,'Mariana Ambriz Chavez','2024-10-16',26,'Femenino','Trabajar ','','',0,1,'1997-12-02','5547855121','No','No                                               ','Armazon ','Facebook','','',1,NULL,''),(159,'Raquel Espejel Sanchez','2024-10-16',49,'Femenino','Ama de Casa','','',0,4,'1975-04-17','5530771816','No','No                                               ','Ninguno              ','Recomendacion ','1','',1,NULL,''),(160,'Valeria Alejandra Luna Espejel','2024-10-16',22,'Femenino','Estudiante ','','',0,4,'2002-03-05','5580038231','No','No','Ninguno              ','Recomendacion ','1','',1,NULL,''),(161,'Patricia Gomez Martinez','2024-10-17',47,'Femenino','Empleada','','',0,1,'1969-01-22','5527391447','','','Armazon ','recomendacion','','',1,NULL,''),(162,'Michelle Castro Martinez','2024-10-18',23,'Femenino','Empleada','','',0,4,'2000-10-01','5627106046','No','No                                               ','Armazon ','Instagram','','',1,NULL,''),(163,'Ermelinda Osornio Gonzalez','2024-10-18',58,'Femenino','Ama de Casa','','',0,1,'1965-10-28','5620407651','No','No','Ninguno              ','Recomendacion ','','',1,NULL,''),(164,'Jacqueline Herrera Guerrero ','2024-10-19',21,'Femenino','estudiante ','san jose del jaral','',0,1,'2003-01-11','5636056278','No','no','armazon','recomendacion','si','',1,NULL,''),(165,'Ana Bertha Guerrero Sandoval','2024-10-19',46,'Femenino','Ama de Casa','san jose del jaral','',0,1,'1978-04-08','5636056278','No','no','armazon','recomendacion','si','',1,NULL,''),(166,'Andrea Minerva Hernandez Bauti','2024-10-19',34,'Femenino','arquitecta','','',0,1,'1990-05-04','5544845030','No','no','armazon','facebook','Ninguna','',1,NULL,'');
/*!40000 ALTER TABLE `clientas` ENABLE KEYS */;
UNLOCK TABLES;

--
-- Table structure for table `colaboradoras`
--

DROP TABLE IF EXISTS `colaboradoras`;
/*!40101 SET @saved_cs_client     = @@character_set_client */;
/*!50503 SET character_set_client = utf8mb4 */;
CREATE TABLE `colaboradoras` (
  `idcolaboradora` int(11) NOT NULL AUTO_INCREMENT,
  `nombre` varchar(30) DEFAULT NULL,
  `edad` int(11) DEFAULT NULL,
  `expertaen` varchar(50) DEFAULT NULL,
  `horario_laboral` varchar(50) DEFAULT NULL,
  `diaslaborales` int(11) DEFAULT NULL,
  `comisión` double DEFAULT NULL,
  `antigüedad` varchar(50) DEFAULT NULL,
  `uniforme_proporcionado` varchar(80) DEFAULT NULL,
  `material_para_trabajo` varchar(50) DEFAULT NULL,
  `observaciones` varchar(50) DEFAULT NULL,
  `estatus` tinyint(1) DEFAULT NULL,
  `telefono` varchar(50) DEFAULT NULL,
  `imagen` varchar(50) DEFAULT NULL,
  PRIMARY KEY (`idcolaboradora`)
) ENGINE=InnoDB AUTO_INCREMENT=44 DEFAULT CHARSET=utf8mb4 COLLATE=utf8mb4_0900_ai_ci;
/*!40101 SET character_set_client = @saved_cs_client */;

--
-- Dumping data for table `colaboradoras`
--

LOCK TABLES `colaboradoras` WRITE;
/*!40000 ALTER TABLE `colaboradoras` DISABLE KEYS */;
INSERT INTO `colaboradoras` VALUES (3,'Lizbeth Prieto Ortega ',22,'Extensiones de Pestañas ','9am a 6pm                                        ',6,43,'2021-10-17','Uniforme rosa                                                                  ','Completo','',1,'5542466658','uploads2/imagen_252250.png'),(4,'Diana Estefania Sandoval Gonza',23,'Extensiones de Pestañas ','9am a 6pm                                        \n',6,40,'2024-05-01','Uniforme rosa                                                \n                ','Completo','',1,'5531205046',NULL),(5,'Mariana Jaqueline Sandoval Gon',25,'Extensiones de Pestañas ','9am a 6pm                                        \n',6,50,'2020-01-01','Uniforme rosa                                                \n                ','Completo','',1,'5582032799',NULL),(6,'Estefania Sandoval Gonzalez',23,'Uñas','9am a 6pm                                        \n',6,70,'2024-05-01','Uniforme rosa                                                \n                ','Completo','',1,'5531205046',NULL),(42,'Itzel Gomez Lopez',24,'Recepcion ','9am a 2 30pm',5,0,'2024-10-07','Uniforme rosa                ','Completo','Martes no trabaja',0,'5571305319','NA'),(43,'Katerine Tanisha Ruiz Gonzalez',19,'Recepcion ','2 30pm a 8pm',5,0,'2024-10-07','Uniforme rosa                ','Completo','',0,'5566219263','NA');
/*!40000 ALTER TABLE `colaboradoras` ENABLE KEYS */;
UNLOCK TABLES;

--
-- Table structure for table `gastos`
--

DROP TABLE IF EXISTS `gastos`;
/*!40101 SET @saved_cs_client     = @@character_set_client */;
/*!50503 SET character_set_client = utf8mb4 */;
CREATE TABLE `gastos` (
  `idgasto` int(11) NOT NULL AUTO_INCREMENT,
  `fecha` date NOT NULL,
  `descripcion` varchar(255) DEFAULT NULL,
  `monto` double DEFAULT NULL,
  `tipo` enum('ingreso','gasto') NOT NULL,
  `fecha_registro` datetime DEFAULT CURRENT_TIMESTAMP,
  PRIMARY KEY (`idgasto`)
) ENGINE=InnoDB AUTO_INCREMENT=61 DEFAULT CHARSET=utf8mb4 COLLATE=utf8mb4_0900_ai_ci;
/*!40101 SET character_set_client = @saved_cs_client */;

--
-- Dumping data for table `gastos`
--

LOCK TABLES `gastos` WRITE;
/*!40000 ALTER TABLE `gastos` DISABLE KEYS */;
INSERT INTO `gastos` VALUES (3,'2024-09-02','Fabuloso',32,'gasto','0000-00-00 00:00:00'),(4,'2024-09-02','Bolsa de Basura',10,'gasto','0000-00-00 00:00:00'),(6,'2024-09-04','Adelanto pestañas Abigail Esther',330,'ingreso','0000-00-00 00:00:00'),(7,'2024-09-06','Aretes perlas #3',198,'ingreso','0000-00-00 00:00:00'),(8,'2024-09-05','Adelanto masajes Mariana',300,'ingreso','0000-00-00 00:00:00'),(9,'2024-09-06','Comida chiles',480,'gasto','0000-00-00 00:00:00'),(10,'2024-09-06','Tlalpaleria',50,'gasto','0000-00-00 00:00:00'),(11,'2024-09-09','Inicio efectivo',500,'ingreso','0000-00-00 00:00:00'),(12,'2024-09-09','Inicio monedas',50,'ingreso','0000-00-00 00:00:00'),(16,'2024-09-09','Cepillo pestañas ',30,'ingreso','0000-00-00 00:00:00'),(17,'2024-09-12','Papel de baño',40,'gasto','0000-00-00 00:00:00'),(18,'2024-09-13','Basura',15,'gasto','0000-00-00 00:00:00'),(19,'2024-09-14','Aretes espiral lili ',200,'ingreso','0000-00-00 00:00:00'),(20,'2024-09-13','ingreso pago extensiones cancelado',1320,'ingreso','0000-00-00 00:00:00'),(21,'2024-09-13','bolsas de basura ',20,'gasto','0000-00-00 00:00:00'),(22,'2024-09-14','chiles  ',400,'gasto','0000-00-00 00:00:00'),(23,'2024-09-17','Inicio de semana efectivo',500,'ingreso','0000-00-00 00:00:00'),(24,'2024-09-17','Fabuloso',26,'gasto','0000-00-00 00:00:00'),(25,'2024-09-19','Exfoliante',220,'ingreso','0000-00-00 00:00:00'),(26,'2024-09-20','Basura ',16,'gasto','0000-00-00 00:00:00'),(27,'2024-09-20','Primer ',500,'ingreso','0000-00-00 00:00:00'),(28,'2024-09-20','Bolsa de Basura',10,'gasto','0000-00-00 00:00:00'),(29,'2024-09-25','Basura',15,'gasto','0000-00-00 00:00:00'),(30,'2024-09-24','Comida Jacky ',330,'gasto','0000-00-00 00:00:00'),(31,'2024-09-25','Material',736,'gasto','0000-00-00 00:00:00'),(32,'2024-09-25','Taxi',130,'gasto','0000-00-00 00:00:00'),(33,'2024-09-25','Collar joyeria ',250,'ingreso','0000-00-00 00:00:00'),(34,'2024-09-25','cambio',20,'gasto','0000-00-00 00:00:00'),(35,'2024-09-27','Alaciado',900,'ingreso','0000-00-00 00:00:00'),(36,'2024-09-27','aretes ',350,'ingreso','0000-00-00 00:00:00'),(37,'2024-09-27','kit limpieza',150,'ingreso','0000-00-00 00:00:00'),(38,'2024-09-27','alaciado julieta acevedo',900,'ingreso','0000-00-00 00:00:00'),(39,'2024-09-27','cambio jacky',100,'ingreso','0000-00-00 00:00:00'),(40,'2024-10-02','Bolsa de Basura',20,'gasto','0000-00-00 00:00:00'),(41,'2024-10-04','Dulces',65,'gasto','0000-00-00 00:00:00'),(42,'2024-10-05','Cepillo pestañas ',30,'ingreso','0000-00-00 00:00:00'),(43,'2024-10-05','Collar E',200,'ingreso','0000-00-00 00:00:00'),(44,'2024-10-05','Papel de baño',40,'gasto','0000-00-00 00:00:00'),(45,'2024-10-07','cambio',100,'ingreso','0000-00-00 00:00:00'),(46,'2024-10-08','Corrector',25,'gasto','0000-00-00 00:00:00'),(47,'2024-10-08','Cepillo pestañas ',30,'ingreso','0000-00-00 00:00:00'),(48,'2024-10-08','anillo',190,'ingreso','0000-00-00 00:00:00'),(49,'2024-10-10','Cepillo pestañas ',30,'ingreso','0000-00-00 00:00:00'),(50,'2024-10-11','Efecto de color ',50,'ingreso','0000-00-00 00:00:00'),(51,'2024-10-12','Cepillo pestañas ',30,'ingreso','0000-00-00 00:00:00'),(52,'2024-10-04','joyeria arath transferencia',380,'ingreso','0000-00-00 00:00:00'),(53,'2024-10-15','Joyeria aretes',195,'ingreso','0000-00-00 00:00:00'),(54,'2024-10-16','anillo',230,'ingreso','0000-00-00 00:00:00'),(55,'2024-10-16','Collar joyeria ',140,'ingreso','0000-00-00 00:00:00'),(56,'2024-10-18','26 aretes negros ',175,'ingreso','0000-00-00 00:00:00'),(57,'2024-10-18','aretes 30 ',185,'ingreso','0000-00-00 00:00:00'),(58,'2024-10-18','aretes 29',195,'ingreso','0000-00-00 00:00:00'),(59,'2024-10-19','cubrebocas',15,'gasto','0000-00-00 00:00:00');
/*!40000 ALTER TABLE `gastos` ENABLE KEYS */;
UNLOCK TABLES;

--
-- Table structure for table `inventario`
--

DROP TABLE IF EXISTS `inventario`;
/*!40101 SET @saved_cs_client     = @@character_set_client */;
/*!50503 SET character_set_client = utf8mb4 */;
CREATE TABLE `inventario` (
  `idproducto` int(11) NOT NULL AUTO_INCREMENT,
  `descripcion` varchar(255) DEFAULT NULL,
  `unidad` double DEFAULT NULL,
  `precio` double DEFAULT NULL,
  PRIMARY KEY (`idproducto`)
) ENGINE=InnoDB AUTO_INCREMENT=28 DEFAULT CHARSET=utf8mb4 COLLATE=utf8mb4_0900_ai_ci;
/*!40101 SET character_set_client = @saved_cs_client */;

--
-- Dumping data for table `inventario`
--

LOCK TABLES `inventario` WRITE;
/*!40000 ALTER TABLE `inventario` DISABLE KEYS */;
INSERT INTO `inventario` VALUES (6,'Blister hibridas D 13mm',1,65),(7,'Blister hibridas 0.15 D 14mm',0,65),(8,'Blister Volumen D 0.03 15mm',0,65),(9,'Blister Volumen D 0.05 D 14 mm',0,65),(10,'Blister Volumen D 0.05 16mm',1,65),(11,'Blister Volumen D 0.03 11mm ',0,65),(12,'Blister 0.07 W D Griegas 15mm',2,180),(13,'Blister 0.07 W D Griegas 14mm',2,180),(14,'Blister 0.07 W D Griegas 11mm',2,180),(15,'Blister 0.07 W D Griegas 13mm',1,180),(16,'Blister 0.07 W D Griegas 16mm',1,180),(17,'Blister 0.07 W D Griegas 12mm',2,180),(18,'Blister YY Hawaianas 0.07 D 14mm',2,180),(19,'Blister YY Hawaianas 0.07 D 14mm',2,180),(20,'Blister YY Hawaianas 0.07 D 15mm',2,180),(21,'Blister YY Hawaianas 0.07 D 12mm',1,180),(22,'Blister Griego 0.07 D 15mm',1,180),(23,'Blister Griego 0.07 C 15mm',2,180),(24,'Blister Griego 0.07 C 14mm',2,180),(25,'Blister Volumen D 0.03 13mm',2,180),(26,'Blister Volumen D 0.15 12mm',1,180);
/*!40000 ALTER TABLE `inventario` ENABLE KEYS */;
UNLOCK TABLES;

--
-- Table structure for table `municipios`
--

DROP TABLE IF EXISTS `municipios`;
/*!40101 SET @saved_cs_client     = @@character_set_client */;
/*!50503 SET character_set_client = utf8mb4 */;
CREATE TABLE `municipios` (
  `idmunicipio` int(11) NOT NULL AUTO_INCREMENT,
  `nombre` varchar(80) DEFAULT NULL,
  PRIMARY KEY (`idmunicipio`)
) ENGINE=InnoDB AUTO_INCREMENT=8 DEFAULT CHARSET=utf8mb4 COLLATE=utf8mb4_0900_ai_ci;
/*!40101 SET character_set_client = @saved_cs_client */;

--
-- Dumping data for table `municipios`
--

LOCK TABLES `municipios` WRITE;
/*!40000 ALTER TABLE `municipios` DISABLE KEYS */;
INSERT INTO `municipios` VALUES (1,'Atizapan de Zaragoza'),(2,'Nicolas Romero'),(3,'Tlalnepantla'),(4,'Cuatitlan izcalli'),(5,'Cuauhtemoc'),(6,'Naucalpan'),(7,'Tultitlan ');
/*!40000 ALTER TABLE `municipios` ENABLE KEYS */;
UNLOCK TABLES;

--
-- Table structure for table `servicios`
--

DROP TABLE IF EXISTS `servicios`;
/*!40101 SET @saved_cs_client     = @@character_set_client */;
/*!50503 SET character_set_client = utf8mb4 */;
CREATE TABLE `servicios` (
  `idservicio` int(11) NOT NULL AUTO_INCREMENT,
  `nombre` varchar(100) DEFAULT NULL,
  `descripción` varchar(150) DEFAULT NULL,
  `estatus` tinyint(1) DEFAULT NULL,
  `precio` double DEFAULT NULL,
  PRIMARY KEY (`idservicio`)
) ENGINE=InnoDB AUTO_INCREMENT=66 DEFAULT CHARSET=utf8mb4 COLLATE=utf8mb4_0900_ai_ci;
/*!40101 SET character_set_client = @saved_cs_client */;

--
-- Dumping data for table `servicios`
--

LOCK TABLES `servicios` WRITE;
/*!40000 ALTER TABLE `servicios` DISABLE KEYS */;
INSERT INTO `servicios` VALUES (2,'Clasicas Natural Set','',1,550),(3,'Rimel Set ','',1,600),(4,'Efecto mojado','',1,600),(5,'Hibridas Full set','',1,650),(6,'Volumen Glam set','',1,750),(7,'Mega volumen ','',1,900),(8,'Volumen griego','',1,690),(9,'Volumen hawaiano','',1,690),(10,'Wispy set ','',1,710),(11,'Volumen Wispy set ','',1,780),(12,'Henna Brows','Diseño conforme al rostro, laminado, depilacion, henna y botox hidratante',1,450),(13,'Lami brows','Laminacion, diseño conforme al rostro y botox hidratante',1,320),(14,'Henna','Tinte en Henna',1,120),(15,'Diseño de ceja y depilacion ','',1,250),(16,'Uñas','',0,0),(17,'Tratamientos y Alisados Capilares','',1,0),(18,'Retoque Volumen griego +  henna brows','',1,945),(19,'Retoque Volumen wispy + henna brows','',1,1000),(20,'Retoque Volumen Griego + Henna','',1,945),(23,'Laminacion','',1,120),(24,'Retoque Clasicas ','',1,400),(25,'Retoque Rimel set','',1,450),(26,'Retoque Efecto mojado ','',1,450),(27,'Retoque Hibridas full set','',1,450),(28,'Retoque Volumen Glam set','',1,490),(29,'Retoque Mega volumen','',1,550),(30,'Retoque Volumen griego','',1,495),(31,'Retoque Volumen Hawaiano','',1,495),(32,'Retoque Wispy set','',1,500),(33,'Retoque Volumen Wispy','',1,550),(34,'Reitro extensiones de pestañas ','',1,120),(35,'Volumen Wispy y Retiro ','',1,900),(36,'Retoque Volumen Griego + Henna y diseño','',1,745),(37,'Wispy set, retiro y henna brows','',1,1280),(38,'Retiro, Volumen griego y lamibrows','',1,1130),(39,'Extensiones de cabello retoque 200gr','retoque extensiones ',1,2500),(40,'Retiro de uñas + lamibrows','',1,445),(41,'Retiro de uñas','',1,125),(42,'Retiro Extensiones de cabello','retiro de las extensiones crecidas',1,400),(43,'Deposito por cita ','',1,100),(44,'Hibridas full set + retiro','',1,770),(45,'Sesion masajes','',1,200),(46,'Volumen Glam set y Lamibrows','',1,1070),(47,'Volumen griego + hennabrows','promocion ',1,1000),(48,'Hawaianas + Henna brows','',1,1140),(49,'Retoque volumen griego 10%','',1,445),(50,'Hibridas + Henna Brows ','',1,1100),(51,'Wispy natural + Lamibrows','',1,1030),(52,'Uñas Chicas 1,2,3','',1,500),(53,'Uñas Medianas 4,5,6','',1,580),(54,'Uñas Largas 7,8','',1,620),(55,'Uñas XL 9,10','',1,720),(56,'Baño Rubber','',1,300),(57,'Baño Rubber + Efecto','',1,320),(58,'Baño Acrilico','',1,350),(59,'Retoque Hibridas full+Henna brows ','pestañas y cejas ',1,900),(60,'Retoque Hibridas + Lami brows','pestañas y cejas ',1,770),(61,'Uñas Rubber','uñas',1,320),(62,'Rubber mas efecto','Rubber mas efecto',1,330),(63,'Retiro+Volumen Wispy set ','retiro y aplicacion nueva ',1,900),(64,'Uñas 4 mas Efecto','Uñas 4 mas Efecto',1,600),(65,'Retiro de Pestañas ','retiro',1,120);
/*!40000 ALTER TABLE `servicios` ENABLE KEYS */;
UNLOCK TABLES;

--
-- Table structure for table `users`
--

DROP TABLE IF EXISTS `users`;
/*!40101 SET @saved_cs_client     = @@character_set_client */;
/*!50503 SET character_set_client = utf8mb4 */;
CREATE TABLE `users` (
  `user` varchar(10) NOT NULL,
  `password` varchar(50) NOT NULL,
  `name` varchar(50) NOT NULL,
  `apellidop` varchar(50) NOT NULL,
  `apellidom` varchar(50) NOT NULL,
  PRIMARY KEY (`user`)
) ENGINE=InnoDB DEFAULT CHARSET=utf8mb4 COLLATE=utf8mb4_0900_ai_ci;
/*!40101 SET character_set_client = @saved_cs_client */;

--
-- Dumping data for table `users`
--

LOCK TABLES `users` WRITE;
/*!40000 ALTER TABLE `users` DISABLE KEYS */;
INSERT INTO `users` VALUES ('admin','Estudio191122!','Mariana Jaqueline','Sandoval','Gonzalez'),('tresia','tresia2024','Tresia Studio','FALTA VALIDAR','FALTA VALIDAR DOS');
/*!40000 ALTER TABLE `users` ENABLE KEYS */;
UNLOCK TABLES;
/*!40103 SET TIME_ZONE=@OLD_TIME_ZONE */;

/*!40101 SET SQL_MODE=@OLD_SQL_MODE */;
/*!40014 SET FOREIGN_KEY_CHECKS=@OLD_FOREIGN_KEY_CHECKS */;
/*!40014 SET UNIQUE_CHECKS=@OLD_UNIQUE_CHECKS */;
/*!40101 SET CHARACTER_SET_CLIENT=@OLD_CHARACTER_SET_CLIENT */;
/*!40101 SET CHARACTER_SET_RESULTS=@OLD_CHARACTER_SET_RESULTS */;
/*!40101 SET COLLATION_CONNECTION=@OLD_COLLATION_CONNECTION */;
/*!40111 SET SQL_NOTES=@OLD_SQL_NOTES */;

-- Dump completed on 2024-10-20 18:31:49
